{
  "run_at": "2026-04-06T17:01:37.061618",
  "dry_run": false,
  "phases_run": [
    3,
    4,
    5
  ],
  "results": {
    "3": true,
    "4": true,
    "5": true
  },
  "elapsed_seconds": 2324.2482550144196
}